"SG2","SG1","STRESS","","","STRES, Mpa","C1","C2"
"0","0","0","","","0","0","0"
"75","81","1.5190972222222","","","0.46135847431078","-153.53374999999","-247.66124999998"
"137","151","3.2552083333333","","","0.92271694862155","164.355","-340.08999999996"
"204","224","4.7743055555556","","","1.3840754229323","20.062500000029","-166.58874999997"
"272","298","6.5104166666667","","","1.8454338972431","-213.16625000001","82.357499999963"
"338","371","8.2465277777778","","","2.3067923715539","296.33500000004","188.91500000001"
"404","443","9.765625","","","2.7681508458647","533.41874999996","114.78375000001"
"472","519","11.501736111111","","","3.2295093201754","325.25750000001","-267.14750000006"
"538","593","13.237847222222","","","3.6908677944862","-175.89375000016","-188.77125"
"608","669","14.756944444444","","","4.152226268797","-79.963750000078","377.02124999994"
"680","749","16.493055555556","","","4.6135847431078","262.00249999997","204.4699999999"
"747","821","18.012152777778","","","5.0749432174186","282.02249999998","495.00125000002"
"821","901","19.748263888889","","","5.5363016917293","692.85125000002","507.59500000003"
"888","977","21.267361111111","","","5.9976601660401","941.86374999999","99.983750000032"
"962","1059","22.786458333333","","","6.4590186403509","574.33999999995","201.07750000004"
"1034","1137","24.305555555556","","","6.9203771146617","765.91124999997","646.19250000003"
"1107","1217","25.824652777778","","","7.3817355889724","731.82999999999","649.18499999994"
"1175","1290","27.126736111111","","","7.8430940632832","739.56499999994","673.10124999998"
"1246","1369","28.645833333333","","","8.304452537594","906.92874999993","381.05124999999"
"1318","1446","30.164930555556","","","8.7658110119048","954.02624999991","273.17749999994"
"1386","1520","31.467013888889","","","9.2271694862155","918.04625000003","866.39999999993"
"1462","1602","32.986111111111","","","9.6885279605263","881.48749999995","688.31124999996"
"1530","1675","34.288194444444","","","10.149886434837","2380.62625","1045.4124999999"
"1600","1750","35.807291666667","","","10.611244909148","3443.4249999999","1394.86625"
"1669","1827","37.109375","","","11.072603383459","3123.8662499999","1292.29125"
"1742","1901","38.628472222222","","","11.533961857769","3236.435","1396.0912499999"
"1810","1976","39.930555555556","","","11.99532033208","3366.75","958.34124999999"
"1881","2052","41.232638888889","","","12.456678806391","3222.1412499999","1066.41"
"1953","2128","42.534722222222","","","12.918037280702","3252.455","1148.0775000001"
"2024","2203","44.053819444444","","","13.379395755012","3244.7162499999","1231.56875"
"2094","2280","45.355902777778","","","13.840754229323","3286.48625","1404.0924999999"
"2161","2352","46.657986111111","","","14.302112703634","3127.28625","1424.34125"
"2235","2430","47.960069444444","","","14.763471177945","2868.3175","1401.2249999999"
"2304","2505","49.479166666667","","","15.224829652256","1973.3187499999","1541.8675"
"2374","2580","50.78125","","","15.686188126566","1656.7562499999","1645.4675"
"2441","2654","52.083333333333","","","16.147546600877","1434.3549999999","1313.855"
"2512","2726","53.385416666667","","","16.608905075188","1685.3387499999","1122.135"
"2580","2801","54.6875","","","17.070263549499","2867.14625","1624.4725"
"2652","2877","55.989583333333","","","17.53162202381","4106.80625","1219.065"
"2719","2950","57.291666666667","","","17.99298049812","3328.6312499999","1587.08875"
"2786","3022","58.59375","","","18.454338972431","1680.3162499999","1652.0562499999"
"2858","3099","59.895833333333","","","18.915697446742","1532.0962499999","1635.45"
"2922","3168","61.197916666667","","","19.377055921053","1657.00125","1431.2075"
"2989","3242","62.5","","","19.838414395363","1670.545","1277.33625"
"3057","3313","63.802083333333","","","20.299772869674","1508.89875","2019.9425"
"3124","3386","65.104166666667","","","20.761131343985","1452.3874999999","2321.91625"
"3192","3460","66.40625","","","21.222489818296","1713.9437499999","2213.33875"
"3257","3529","67.491319444444","","","21.683848292606","1794.58","1868.3449999999"
"3328","3607","68.793402777778","","","22.145206766917","2373.43875","1617.0662500001"
"3390","3674","70.095486111111","","","22.606565241228","1967.50875","1830.1875"
"3459","3749","71.397569444444","","","23.067923715539","1872.52125","2124.26375"
"3521","3815","72.699652777778","","","23.52928218985","2076.0987499999","1721.4012500001"
"3586","3888","74.001736111111","","","23.99064066416","2079.445","1664.60875"
"3652","3955","75.086805555556","","","24.451999138471","2279.0149999999","1949.01875"
"3720","4031","76.388888888889","","","24.913357612782","2176.9937499999","2146.15875"
"3785","4101","77.690972222222","","","25.374716087093","1882.6612499999","2235.50625"
"3850","4170","78.993055555556","","","25.836074561403","1493.98625","2578.7712499999"
"3913","4240","80.295138888889","","","26.297433035714","2205.3874999999","2271.55"
"3978","4314","81.380208333333","","","26.758791510025","2323.40375","2558.80375"
"4040","4381","82.682291666667","","","27.220149984336","2128.2525","2386.81375"
"4107","4456","83.984375","","","27.681508458647","2260.2162500001","2418.3174999999"
"4170","4527","85.286458333333","","","28.142866932957","2149.85","2376.8124999999"
"4232","4594","86.588541666667","","","28.604225407268","2071.31625","2126.565"
"4297","4666","87.673611111111","","","29.065583881579","2062.54125","2408.685"
"4363","4739","88.975694444444","","","29.52694235589","1923.535","2224.03375"
"4427","4808","90.277777777778","","","29.988300830201","2232.985","1838.42"
"4494","4881","91.579861111111","","","30.449659304511","2124.49125","1964.6600000001"
"4564","4955","92.881944444444","","","30.911017778822","2366.22625","2475.9425"
"4624","5023","93.967013888889","","","31.372376253133","2351.2424999999","2455.9262500001"
"4694","5096","95.269097222222","","","31.833734727444","2220.4","2079.75875"
"4754","5165","96.354166666667","","","32.295093201754","2245.6475","2627.88125"
"4824","5240","97.65625","","","32.756451676065","2229.2712499999","2356.7887500001"
"4890","5309","98.958333333333","","","33.217810150376","2416.8762499999","2470.865"
"4953","5379","100.26041666667","","","33.679168624687","2411.50625","2193.1262499999"
"5020","5452","101.34548611111","","","34.140527098998","2448.7787499999","2091.1825000001"
"5083","5521","102.64756944444","","","34.601885573308","2675.2824999999","2018.575"
"5149","5593","103.73263888889","","","35.063244047619","2745.62875","1785.08875"
"5212","5662","105.03472222222","","","35.52460252193","2842.3950000001","2657.595"
"5278","5734","106.33680555556","","","35.985960996241","3020.52125","2117.99375"
"5343","5805","107.421875","","","36.447319470551","2716.96875","2497.5925"
"5407","5874","108.50694444444","","","36.908677944862","2428.3724999999","2593.085"
"5468","5940","109.80902777778","","","37.370036419173","2663.275","2738.5024999999"
"5536","6015","110.89409722222","","","37.831394893484","2310.635","3138.09125"
"5601","6083","111.97916666667","","","38.292753367794","2468.12125","2885.91625"
"5662","6149","113.28125","","","38.754111842105","2490.80875","3004.5874999999"
"5725","6218","114.36631944444","","","39.215470316416","2433.92625","2494.0549999999"
"5782","6285","115.45138888889","","","39.676828790727","2469.5874999999","2766.3012499999"
"5841","6349","116.75347222222","","","40.138187265038","2573.06625","2523.165"
"5909","6420","117.83854166667","","","40.599545739348","2711.7274999999","2666.80125"
"5970","6485","119.140625","","","41.060904213659","2761.71875","2762.54625"
"6035","6554","120.22569444444","","","41.52226268797","2805.35875","2653.7862500001"
"6099","6624","121.52777777778","","","41.983621162281","2528.68375","2748.38875"
"6162","6691","122.61284722222","","","42.444979636591","2757.49125","3004.36375"
"6226","6757","123.69791666667","","","42.906338110902","2645.0637499999","2939.195"
"6288","6824","125","","","43.367696585213","2521.3587499999","2619.7024999999"
"6358","6895","126.08506944444","","","43.829055059524","2613.77125","2954.8625"
"6418","6957","127.17013888889","","","44.290413533835","2893.2162499999","3125.0525000001"
"6485","7029","128.47222222222","","","44.751772008145","2853.49375","3005.2862499999"
"6550","7094","129.55729166667","","","45.213130482456","2558.4074999999","3060.095"
"6612","7158","130.64236111111","","","45.674488956767","2311.0075","3650.45625"
"6687","7231","131.94444444444","","","46.135847431078","2903.85625","2913.2475"
"6745","7291","133.02951388889","","","46.597205905388","3095.42875","2984.4575"
"6816","7361","134.11458333333","","","47.058564379699","2895.97","3154.23"
"6884","7428","135.41666666667","","","47.51992285401","2507.3375","3147.1149999999"
"6947","7488","136.50173611111","","","47.981281328321","2612.0762499999","3046.8175"
"7013","7554","137.58680555556","","","48.442639802632","2539.5037499999","2828.6074999999"
"7077","7620","138.88888888889","","","48.903998276942","2774.7925","3077.78375"
"7142","7683","139.97395833333","","","49.365356751253","2755.545","3246.50125"
"7208","7752","141.05902777778","","","49.826715225564","2773.18375","2855.6175"
"7273","7819","142.14409722222","","","50.288073699875","2870.91625","2993.47375"
"7339","7884","143.22916666667","","","50.749432174186","2771.68625","3350.10875"
"7406","7954","144.31423611111","","","51.210790648496","2868.91875","2879.4975000001"
"7470","8019","145.39930555556","","","51.672149122807","2726.5912499999","3049.5424999999"
"7535","8086","146.484375","","","52.133507597118","2962.59625","3209.6199999999"
"7600","8152","147.78645833333","","","52.594866071429","2614.12625","3234.7262499999"
"7665","8217","148.87152777778","","","53.056224545739","2792.9212500001","3004.3075"
"7726","8279","149.73958333333","","","53.51758302005","2959.6212499999","3234.4625"
"7789","8342","150.82465277778","","","53.978941494361","2853.0012499999","3544.33375"
"7850","8404","151.90972222222","","","54.440299968672","3134.0637499999","3439.1375"
"7915","8472","152.99479166667","","","54.901658442982","2610.2512499999","3461.715"
"7980","8536","154.07986111111","","","55.363016917293","2686.185","3286.4687499999"
"8040","8598","155.16493055556","","","55.824375391604","2934.7137499999","3438.3475"
"8107","8663","156.25","","","56.285733865915","2925.49375","3702.2637499999"
"8170","8726","157.11805555556","","","56.747092340225","2959.47125","3683.025"
"8231","8790","158.203125","","","57.208450814536","2595.81875","3059.5499999999"
"8294","8852","159.28819444444","","","57.669809288847","2409.6649999999","3853.8175"
"8357","8914","160.37326388889","","","58.131167763158","2392.3637499999","3365.1749999999"
"8421","8976","161.24131944444","","","58.592526237469","2690.43375","3556.5625"
"8479","9034","162.32638888889","","","59.053884711779","2722.90125","3236.52375"
"8541","9094","163.19444444444","","","59.51524318609","2599.7737499999","3538.605"
"8601","9154","164.27951388889","","","59.976601660401","2952.36125","3699.82875"
"8661","9211","165.14756944444","","","60.437960134712","2768.6324999999","3848.9225"
"8725","9272","166.23263888889","","","60.899318609023","2814.4637499999","3500.8525"
"8782","9323","167.10069444444","","","61.360677083333","3068.0962499999","3572.0675"
"8842","9379","167.96875","","","61.822035557644","2719.6174999999","3699.1200000001"
"8904","9437","169.05381944444","","","62.283394031955","2636.3487499999","3475.1750000001"
"8963","9495","169.921875","","","62.744752506266","2437.7812499999","3539.5387499999"
"9022","9546","170.78993055556","","","63.206110980576","2632.4899999999","4160.1962499999"
"9077","9595","171.65798611111","","","63.667469454887","2611.495","3829.51125"
"9140","9648","172.74305555556","","","64.128827929198","2341.2699999999","3467.4374999999"
"9197","9701","173.61111111111","","","64.590186403509","2638.07625","3508.31875"
"9252","9747","174.47916666667","","","65.051544877819","2687.2975","3316.92"
"9311","9804","175.56423611111","","","65.51290335213","2488.51625","3613.8837499999"
"9357","9854","176.43229166667","","","65.974261826441","2430.14875","3260.04125"
"9413","9907","177.30034722222","","","66.435620300752","2043.82125","3659.3575"
"9468","9959","178.16840277778","","","66.896978775063","2519.4887499998","3923.2312499999"
"9523","10011","179.25347222222","","","67.358337249373","2336.06875","3350.3137499999"
"9581","10067","180.12152777778","","","67.819695723684","2299.6487499999","3416.5025"
"9637","10118","180.98958333333","","","68.281054197995","2508.0762499999","3489.11"
"9692","10170","182.07465277778","","","68.742412672306","2540.75","3762.21"
"9747","10220","182.94270833333","","","69.203771146617","2214.3337499999","3462.1762499999"
"9801","10269","184.02777777778","","","69.665129620927","2371.8899999999","3180.4675"
"9862","10323","184.89583333333","","","70.126488095238","2418.3787499999","3267.92875"
"9915","10375","185.76388888889","","","70.587846569549","2183.1075","3221.25625"
"9973","10427","186.84895833333","","","71.04920504386","1901.955","3416.04625"
"10030","10479","187.71701388889","","","71.51056351817","1642.705","3396.6887499999"
"10093","10537","188.58506944444","","","71.971921992481","2033.9549999999","3207.37375"
"10145","10586","189.453125","","","72.433280466792","2083.225","3217.015"
"10203","10640","190.32118055556","","","72.894638941103","1813.3974999999","3145.3675"
"10262","10691","191.18923611111","","","73.355997415413","1674.7299999998","2786.6125000001"
"10318","10745","192.27430555556","","","73.817355889724","1612.56625","3052.4749999999"
"10377","10801","193.14236111111","","","74.278714364035","1386.1312499999","3205.59"
"10419","10849","193.79340277778","","","74.740072838346","1686.6737499999","3189.23875"
"10475","10902","194.66145833333","","","75.201431312657","1716.52625","2947.4275"
"10529","10954","195.52951388889","","","75.662789786967","1492.20125","3158.345"
"10579","11004","196.39756944444","","","76.124148261278","1065.545","3182.5737499999"
"10631","11054","197.48263888889","","","76.585506735589","1110.65","2686.4125000001"
"10681","11102","198.35069444444","","","77.0468652099","864.91624999996","2782.5449999999"
"10732","11152","199.21875","","","77.508223684211","661.06124999998","2580.5925"
"10785","11202","200.08680555556","","","77.969582158521","452.60875000003","2443.44"
"10839","11252","200.95486111111","","","78.430940632832","328.66249999991","2415.3975"
"10893","11303","201.82291666667","","","78.892299107143","651.42374999994","2294.57625"
"10947","11354","202.69097222222","","","79.353657581454","96.268749999961","2385.0675"
"11000","11402","203.55902777778","","","79.815016055764","244.24124999994","1878.65375"
"11054","11453","204.42708333333","","","80.276374530075","-108.39875000007","1820.4099999999"
"11112","11509","205.29513888889","","","80.737733004386","-61.209999999978","1981.87125"
"11166","11557","206.16319444444","","","81.199091478697","-495.97374999999","1579.51875"
"11220","11609","207.03125","","","81.660449953008","-106.86250000003","1630.43"
"11276","11663","207.89930555556","","","82.121808427318","-363.7675","1188.575"
"11331","11711","208.76736111111","","","82.583166901629","-685.06374999999","1117.075"
"11385","11762","209.63541666667","","","83.04452537594","-603.41875000008","805.95874999995"
"11440","11811","210.50347222222","","","83.505883850251","-1009.6125","267.63749999997"
"11498","11865","211.37152777778","","","83.967242324561","-1003.9787500001","-802.71000000004"
"11546","11907","212.23958333333","","","84.428600798872","-1336.4575000001","-924.72125000004"
"11597","11959","213.10763888889","","","84.889959273183","-1129.61875","-1212.4225"
"11649","12011","213.97569444444","","","85.351317747494","-1582.32","-1485.4324999999"
"11706","12065","214.62673611111","","","85.812676221804","-1703.0412500001","-1551.73"
"11762","12117","215.49479166667","","","86.274034696115","-2158.0187500001","-2188.9074999999"
"11816","12165","216.14583333333","","","86.735393170426","-2432.0437500001","-2032.24125"
"11873","12220","217.01388888889","","","87.196751644737","-2402.60625","-2581.5112500001"
"11925","12261","217.88194444444","","","87.658110119048","-2653.6375","-2757.995"
"11981","12303","218.75","","","88.119468593358","-2404.1500000001","-3049.8825000001"
"12033","12334","219.40104166667","","","88.580827067669","-2636.00625","-3033.3812499999"
"12087","12379","220.26909722222","","","89.04218554198","-3082.1525000001","-3367.23"
"12142","12426","221.13715277778","","","89.503544016291","-2836.00125","-3527.02875"
"12195","12470","222.00520833333","","","89.964902490602","-3407.715","-3901.85625"
"12250","12518","222.87326388889","","","90.426260964912","-3606.4287500001","-4301.58125"
"12297","12559","223.52430555556","","","90.887619439223","-3536.8087500001","-4642.45625"
"12354","12606","224.39236111111","","","91.348977913534","-3885.455","-4731.71375"
"12411","12654","225.26041666667","","","91.810336387845","-3875.21125","-4669.035"
"12462","12699","225.91145833333","","","92.271694862155","-3935.71","-5128.5925000001"
"12517","12749","226.77951388889","","","92.733053336466","-4465.4462500001","-4912.06375"
"12569","12795","227.64756944444","","","93.194411810777","-4609.8587500001","-4908.235"
"12622","12843","228.29861111111","","","93.655770285088","-4866.7625000001","-5572.94625"
"12671","12888","229.16666666667","","","94.117128759399","-5087.7562500001","-5759.915"
"12724","12933","230.03472222222","","","94.578487233709","-5217.6000000001","-6634.68125"
"12778","12980","230.68576388889","","","95.03984570802","-4916.8425","-6594.9375000001"
"12833","13028","231.33680555556","","","95.501204182331","-5255.6025000001","-6331.4675000001"
"12885","13075","231.98784722222","","","95.962562656642","-5215.47375","-6270.8300000001"
"12941","13123","232.20486111111","","","96.423921130952","-5755.24875","-6928.155"
"12993","13167","232.63888888889","","","96.885279605263","-5932.7200000001","-6852.8287499999"
"13051","13212","232.20486111111","","","97.346638079574","-5709.03375","-6807.3087500001"
"13104","13255","232.85590277778","","","97.807996553885","-5771.65875","-6991.5812500001"
"13154","13295","233.50694444444","","","98.269355028196","-5390.8625","-7569.8875"
"13194","13323","234.15798611111","","","98.730713502507","-6481.3950000001","-7736.0775000001"
"13216","13344","234.80902777778","","","99.192071976817","-7273.5125","-8056.5275"
"13220","13367","235.46006944444","","","99.653430451128","-7374.1025","-8259.5262499999"
"13204","13359","236.328125","","","100.11478892544","-7521.0812500001","-8800.5812500001"
"13244","13396","236.97916666667","","","100.57614739975","-7694.4312500001","-9254.32875"
"13290","13436","235.89409722222","","","101.03750587406","-8011.37625","-9131.1375"
"13334","13476","234.80902777778","","","101.49886434837","-8371.0925","-9577.985"
"13379","13517","234.59201388889","","","101.96022282268","-8264.78875","-9841.37625"
"13425","13561","233.94097222222","","","102.42158129699","-8552.6825000001","-9960.525"
"13474","13608","21.267361111111","","","102.8829397713","-8942.0550000001","-10333.10125"
"13522","13651","","","","103.34429824561","-8861.83125","-10694.50125"
"","","","","","103.80565671992","-9443.3662500001","-10585.53"
"","","","","","104.26701519424","-9694.59875","-10637.115"
"","","","","","104.72837366855","-9456.7850000001","-11008.83375"
"","","","","","105.18973214286","-10107.72375","-11732.18875"
"","","","","","105.65109061717","-10137.84875","-12027.35375"
"","","","","","106.11244909148","-10407.2","-12617.87"
"","","","","","106.57380756579","-10812.75875","-12887.42125"
"","","","","","107.0351660401","-11127.84375","-12677.9975"
"","","","","","107.49652451441","-11133.175","-13353.09375"
"","","","","","107.95788298872","-11411.21","-13340.5275"
"","","","","","108.41924146303","-11428.45","-13649.64875"
"","","","","","108.88059993734","-11971.57625","-14455.09375"
"","","","","","109.34195841165","-12179.3575","-14617.1725"
"","","","","","109.80331688597","-12650.62","-14672.28125"
"","","","","","110.26467536028","-12957.61375","-14937.66125"
"","","","","","110.72603383459","-13312.9025","-15328.7425"
"","","","","","111.1873923089","-13323.175","-15590.0275"
"","","","","","111.64875078321","-13792.19875","-15931.4375"
"","","","","","112.11010925752","-14022.8725","-16659.20125"
"","","","","","112.57146773183","-14103.62125","-16886.49375"
"","","","","","113.03282620614","-14176.59375","-17058.42375"
"","","","","","113.49418468045","-14627.3625","-17453.745"
"","","","","","113.95554315476","-15087.2725","-17633.77125"
"","","","","","114.41690162907","-15537.51875","-17853.6375"
"","","","","","114.87826010338","-15645.735","-18297.62125"
"","","","","","115.3396185777","-16012.07625","-18892.54125"
"","","","","","115.80097705201","-16141.68875","-19153.80125"
"","","","","","116.26233552632","-16633.32","-19832.065"
"","","","","","116.72369400063","-16562.445","-19867.0875"
"","","","","","117.18505247494","-16793.3425","-20133.6"
"","","","","","117.64641094925","-17679.76","-20983.875"
"","","","","","118.10776942356","-18119.25625","-21398.08"
"","","","","","118.56912789787","-17782.1475","-21622.855"
"","","","","","119.03048637218","-18034.3675","-21421.87"
"","","","","","119.49184484649","-18316.1275","-22150.94125"
"","","","","","119.9532033208","-19157.87875","-22625.0875"
"","","","","","120.41456179511","-18963.78375","-23153.26875"
"","","","","","120.87592026942","-19244.70375","-24020.7625"
"","","","","","121.33727874373","-19725.6125","-24118.55375"
"","","","","","121.79863721805","-20182.3925","-24204.52125"
"","","","","","122.25999569236","-20233.01375","-24968.34"
"","","","","","122.72135416667","-20532.35375","-25525.74125"
"","","","","","123.18271264098","-21278.98125","-26278.805"
"","","","","","123.64407111529","-21631","-26648.68875"
"","","","","","124.1054295896","-22304.12125","-27299.14125"
"","","","","","124.56678806391","-22200.385","-26740.9875"
"","","","","","125.02814653822","-22973.32625","-27332.30375"
"","","","","","125.48950501253","-23545.28875","-28064.765"
"","","","","","125.95086348684","-23692.9375","-28892.38"
"","","","","","126.41222196115","-24292.18125","-29555.39875"
"","","","","","126.87358043546","-24648.4925","-30003.9225"
"","","","","","127.33493890978","-24569.66","-30482.01875"
"","","","","","127.79629738409","-25465.4475","-30700.5225"
"","","","","","128.2576558584","-25905.7675","-31817.85125"
"","","","","","128.71901433271","-26270.89375","-31741.385"
"","","","","","129.18037280702","-26521.6025","-32059.68125"
"","","","","","129.64173128133","-27436.205","-33001.9675"
"","","","","","130.10308975564","-27662.975","-33792.9275"
"","","","","","130.56444822995","-28213.98625","-34879.35125"
"","","","","","131.02580670426","-28600.46","-35451.85375"
"","","","","","131.48716517857","-29188.5725","-35658.75"
"","","","","","131.94852365288","-29213.4975","-35862.1175"
"","","","","","132.40988212719","-30249.8375","-36395.0975"
"","","","","","132.87124060151","-30569.7575","-36798.3375"
"","","","","","133.33259907582","-30765.98375","-37782.90875"
"","","","","","133.79395755013","-31683.52125","-38053.685"
"","","","","","134.25531602444","-32267.29375","-38528.93375"
"","","","","","134.71667449875","-32679.5625","-38962.8375"
"","","","","","135.17803297306","-33132.005","-39431.40375"
"","","","","","135.63939144737","-33707.70625","-40143.7725"
"","","","","","136.10074992168","-34416.9075","-40724.53125"
"","","","","","136.56210839599","-34803.24625","-40973.97875"
"","","","","","137.0234668703","-35320.6975","-41267.7975"
"","","","","","137.48482534461","-35631.265","-41998.2075"
"","","","","","137.94618381892","-36317.42375","-43216.22"
"","","","","","138.40754229323","-36651.62375","-43164.9925"
"","","","","","138.86890076755","-37222.98","-43554.10375"
"","","","","","139.33025924186","-37562.9075","-44254.63375"
"","","","","","139.79161771617","-38052.72375","-45075.92375"
"","","","","","140.25297619048","-38682.90375","-45425.7025"
"","","","","","140.71433466479","-39324.3425","-45840.59875"
"","","","","","141.1756931391","-39457.5","-46362.32"
"","","","","","141.63705161341","-40068.86","-47337.95"
"","","","","","142.09841008772","-40869.75","-47655.2675"
"","","","","","142.55976856203","-40818.0925","-48372.00375"
"","","","","","143.02112703634","-41405.56875","-48880.7025"
"","","","","","143.48248551065","-41970.435","-49393.0225"
"","","","","","143.94384398496","-42620.15375","-50453.53125"
"","","","","","144.40520245927","-42923.80875","-50294.7875"
"","","","","","144.86656093358","-43688.8025","-50385.775"
"","","","","","145.3279194079","-44014.27625","-51323.70125"
"","","","","","145.78927788221","-44174.165","-51795.36875"
"","","","","","146.25063635652","-45045.63625","-52742.22875"
"","","","","","146.71199483083","-45348.175","-53569.6375"
"","","","","","147.17335330514","-45693.6","-53627.95375"
"","","","","","147.63471177945","-46125.2025","-54394.5775"
"","","","","","148.09607025376","-46899.8225","-54965.62625"
"","","","","","148.55742872807","-47366.32375","-55415.65"
"","","","","","149.01878720238","-47841.45875","-55900.585"
"","","","","","149.48014567669","-48232.8525","-55957.595"
"","","","","","149.941504151","-48439.06875","-56505.0775"
"","","","","","150.40286262532","-49557.41375","-57003.77"
"","","","","","150.86422109963","-49711.965","-57593.165"
"","","","","","151.32557957394","-50008.005","-58932.9925"
"","","","","","151.78693804825","-51115.3925","-58866.37125"
"","","","","","152.24829652256","-51533.05625","-59440.16625"
"","","","","","152.70965499687","-52071.02","-59976.2375"
"","","","","","153.17101347118","-52278.5725","-60916.265"
"","","","","","153.63237194549","-53235.87875","-61384.0075"
"","","","","","154.0937304198","-53618.85625","-61686.0275"
"","","","","","154.55508889411","-53931.64","-62511.23625"
"","","","","","155.01644736842","-54427.90125","-62824.43375"
"","","","","","155.47780584273","-54759.27125","-63181.855"
"","","","","","155.93916431704","-55316.78625","-63778.06"
"","","","","","156.40052279136","-55875.75375","-64403.8675"
"","","","","","156.86188126567","-56921.1525","-65168.74"
"","","","","","157.32323973998","-57490.43875","-65353.6175"
"","","","","","157.78459821429","-57650.1375","-66370.105"
"","","","","","158.2459566886","-58233.885","-67012.16125"
"","","","","","158.70731516291","-59008.43875","-67513.68125"
"","","","","","159.16867363722","-59503.745","-68108.39875"
"","","","","","159.63003211153","-59961.60125","-68085.45"
"","","","","","160.09139058584","-60206.9025","-68495.045"
"","","","","","160.55274906015","-61383.4375","-69426.54625"
"","","","","","161.01410753446","-61998.34","-69764.23375"
"","","","","","161.47546600877","-62851.3625","-70546.16875"
"","","","","","161.93682448308","-63548.0125","-71359.45625"
"","","","","","162.39818295739","-63597.10875","-72527.84375"
"","","","","","162.85954143171","-64143.47125","-72881.9475"
"","","","","","163.32089990602","-65226.01125","-73333.2675"
"","","","","","163.78225838033","-65452.5575","-73758.6825"
"","","","","","164.24361685464","-65948.27","-73903.65"
"","","","","","164.70497532895","-66579.75625","-75355.76"
"","","","","","165.16633380326","-67662.11","-75425.13125"
"","","","","","165.62769227757","-68298.21125","-76188.6"
"","","","","","166.08905075188","-68934.98","-76691.4475"
"","","","","","166.55040922619","-69304.295","-76809.04"
"","","","","","167.0117677005","-69648.3025","-77473.38125"
"","","","","","167.47312617481","-70448.21","-78179.75625"
"","","","","","167.93448464912","-70994.93125","-78898.84125"
"","","","","","168.39584312343","-72020.56125","-79497.76875"
"","","","","","168.85720159775","-72769.25875","-80145.31875"
"","","","","","169.31856007206","-73601.66625","-80823.3875"
"","","","","","169.77991854637","-74662.5175","-80873.96625"
"","","","","","170.24127702068","-75620.11875","-81259.3725"
"","","","","","170.70263549499","-76016.75375","-81782.055"
"","","","","","171.1639939693","-77043.35375","-83155.12"
"","","","","","171.62535244361","-77461.37625","-83940.1925"
"","","","","","172.08671091792","-78317.45","-84603.42625"
"","","","","","172.54806939223","-79181.865","-85169.6475"
"","","","","","173.00942786654","-80230.3025","-85631.29375"
"","","","","","173.47078634085","-80706.795","-85952.24375"
"","","","","","173.93214481517","-81074.745","-87211.37875"
"","","","","","174.39350328948","-81864.3575","-87174.16875"
"","","","","","174.85486176379","-82484.92125","-87906.16625"
"","","","","","175.3162202381","-83271.02125","-88892.29875"
"","","","","","175.77757871241","-83818.2525","-90036.3925"
"","","","","","176.23893718672","-84295.03125","-90692.05"
"","","","","","176.70029566103","-85418.86","-91086.9275"
"","","","","","177.16165413534","-85970.58","-91918.7825"
"","","","","","177.62301260965","-86630.4675","-92073.89"
"","","","","","178.08437108396","-86980.57375","-92746.93"
"","","","","","178.54572955827","-87725.88875","-93518.04875"
"","","","","","179.00708803258","-88541.0375","-94204.60125"
"","","","","","179.46844650689","-88989.33","-94859.94375"
"","","","","","179.9298049812","-89621.8925","-95419.97"
"","","","","","180.39116345552","-90860.2725","-96391.8825"
"","","","","","180.85252192983","-91308.46625","-97031.08"
"","","","","","181.31388040414","-91997.33625","-98161.01875"
"","","","","","181.77523887845","-92549.1675","-98469.00625"
"","","","","","182.23659735276","-93362.49625","-99182.0125"
"","","","","","182.69795582707","-94133.5225","-99797.785"
"","","","","","183.15931430138","-94552.425","-100655.40625"
"","","","","","183.62067277569","-95168.44","-101043.05125"
"","","","","","184.08203125","-96291.82","-102148.35875"
"","","","","","184.54338972431","-96856.79625","-102611.7425"
"","","","","","185.00474819862","-97498.7975","-103433.405"
"","","","","","185.46610667293","-98435.0475","-104162.2225"
"","","","","","185.92746514724","-98910.645","-106061.12625"
"","","","","","186.38882362156","-99556.19875","-107462.24875"
"","","","","","186.85018209587","-100314.72","-108031.9925"
"","","","","","187.31154057018","-101219.72625","-108521.265"
"","","","","","187.77289904449","-101852.83125","-109129.675"
"","","","","","188.2342575188","-102567.9025","-110080.10875"
"","","","","","188.69561599311","-103298.52","-110907.595"
"","","","","","189.15697446742","-104018.60125","-111659.24125"
"","","","","","189.61833294173","-104708.04","-112952.32125"
"","","","","","190.07969141604","-105713.67","-113578.92875"
"","","","","","190.54104989035","-106224.08","-114075.4025"
"","","","","","191.00240836466","-106904.78875","-114749.49"
"","","","","","191.46376683898","-107689.2125","-115751.89375"
"","","","","","191.92512531329","-108501.0525","-116569.375"
"","","","","","192.3864837876","-109251.4775","-117347.325"
"","","","","","192.84784226191","-110148.0775","-118529.64375"
"","","","","","193.30920073622","-110987.61","-118970.14"
"","","","","","193.77055921053","-112129.3075","-119957.66625"
"","","","","","194.23191768484","-112671.93125","-120862.73125"
"","","","","","194.69327615915","-113314.43","-121501.12375"
"","","","","","195.15463463346","-113911.23","-122542.52375"
"","","","","","195.61599310777","-114771.1975","-123267.9025"
"","","","","","196.07735158208","-115350.75125","-124077.3175"
"","","","","","196.53871005639","-116753.115","-124804.24875"
"","","","","","197.0000685307","-117065.2","-125909.1025"
"","","","","","197.46142700501","-118009.69375","-126706.22625"
"","","","","","197.92278547933","-118673.615","-127245.4525"
"","","","","","198.38414395364","-119489.49625","-127697.315"
"","","","","","198.84550242795","-120198.94125","-128754.71"
"","","","","","199.30686090226","-121020.90375","-129482.4"
"","","","","","199.76821937657","-121869.8725","-130413.8775"
"","","","","","200.22957785088","-123021.47625","-131128.5875"
"","","","","","200.69093632519","-123271.915","-131854.87"
"","","","","","201.1522947995","-124032.1175","-132409.945"
"","","","","","201.61365327381","-124991.8175","-133749.89625"
"","","","","","202.07501174812","-126069.68375","-134119.7525"
"","","","","","202.53637022243","-126626.64875","-134968.0975"
"","","","","","202.99772869674","-127401.72625","-135863.405"
"","","","","","203.45908717105","-128184.935","-136541.635"
"","","","","","203.92044564537","-128457.52","-137267.7"
"","","","","","204.38180411968","-129285.74125","-138076.205"
"","","","","","204.84316259399","-130231.3475","-138544.06625"
"","","","","","205.3045210683","-131137.40625","-139339.5325"
"","","","","","205.76587954261","-132027.1975","-139815.95125"
"","","","","","206.22723801692","-132957.78375","-140915.61625"
"","","","","","206.68859649123","-133670.59125","-141836.6625"
"","","","","","207.14995496554","-134517.2525","-142921.61"
"","","","","","207.61131343985","-135175.83375","-142876.49"
"","","","","","208.07267191416","-136086.045","-143590.07625"
"","","","","","208.53403038847","-136850.05375","-144435.2025"
"","","","","","208.99538886278","-137660.71125","-144590.25"
"","","","","","209.4567473371","-138581.50875","-145747.06125"
"","","","","","209.91810581141","-139428.42875","-146638.105"
"","","","","","210.37946428572","-140058.40125","-147028.6175"
"","","","","","210.84082276003","-140915.7825","-147971.2175"
"","","","","","211.30218123434","-141677.70125","-148737.4075"
"","","","","","211.76353970865","-142045.72875","-149207.98875"
"","","","","","212.22489818296","-143065.67875","-150117.905"
"","","","","","212.68625665727","-143706.15375","-150554.92875"
"","","","","","213.14761513158","-144436.06875","-151083.09"
"","","","","","213.60897360589","-145439.2575","-152439.62"
"","","","","","214.0703320802","-146337.1725","-153194.845"
"","","","","","214.53169055451","-146784.07","-153641.00625"
"","","","","","214.99304902882","-147486.185","-154420.43"
"","","","","","215.45440750314","-148503.4825","-155547.62875"
"","","","","","215.91576597745","-148991.2325","-156006.695"
"","","","","","216.37712445176","-149689.98375","-156382.15375"
"","","","","","216.83848292607","-150660.85","-157322.7975"
"","","","","","217.29984140038","-151470.34375","-157771.1775"
"","","","","","217.76119987469","-152529.525","-158843.47"
"","","","","","218.222558349","-152869.4675","-159394.87375"
"","","","","","218.68391682331","-153716.67625","-160014.64875"
"","","","","","219.14527529762","-154418.42375","-160630.9775"
"","","","","","219.60663377193","-155231.01875","-161803.63"
"","","","","","220.06799224624","-155984.72875","-162270.75875"
"","","","","","220.52935072055","-157019.84625","-163970.965"
"","","","","","220.99070919486","-157653.61","-165256.6625"
"","","","","","221.45206766918","-159122.3575","-166197.54625"
"","","","","","221.91342614349","-161813.67875","-169347.3375"
"","","","","","222.3747846178","-164107.40875","-178226.75"
"","","","","","222.83614309211","-165512.4725","-182603.8475"
"","","","","","223.29750156642","-166526.96125","-183853.37125"
"","","","","","223.75886004073","-167804.0425","-185080.68875"
"","","","","","224.22021851504","-168571.0775","-186061.85375"
"","","","","","224.68157698935","-169284.78875","-187679.70125"
"","","","","","225.14293546366","-170126.07375","-188517.29125"
"","","","","","225.60429393797","-171192.1125","-189245.94125"
"","","","","","226.06565241228","-172462.16375","-190315.9"
"","","","","","226.52701088659","-173023.42","-190932.70625"
"","","","","","226.98836936091","-174020.0975","-191528.94125"
"","","","","","227.44972783522","-174902.11125","-192325.555"
"","","","","","227.91108630953","-175395.305","-192742.4825"
"","","","","","228.37244478384","-176273.825","-193742.08125"
"","","","","","228.83380325815","-176560.325","-194977.41625"
"","","","","","229.29516173246","-177621.25375","-195350.97875"
"","","","","","229.75652020677","-178584.36875","-196658.46625"
"","","","","","230.21787868108","-179233.28375","-197184.1275"
"","","","","","230.67923715539","-179672.39875","-197774.33875"
"","","","","","231.1405956297","-181929.40375","-199807.4075"
"","","","","","231.60195410401","-186540.40125","-201868.87625"
"","","","","","232.06331257832","-187757.2175","-202992.715"
"","","","","","232.52467105263","-189150.0825","-204151.01"
"","","","","","232.98602952695","-189749.29625","-205157.69625"
"","","","","","233.44738800126","-191058.3475","-205851.57375"
"","","","","","233.90874647557","-191576.7125","-206738.14625"
"","","","","","234.37010494988","-192659.52625","-207440.23375"
"","","","","","234.83146342419","-193801.1775","-208393.03"
"","","","","","235.2928218985","-171633.2525","-305561.22125"
"","","","","","235.75418037281","-133548.46125","-423424.305"
"","","","","","236.21553884712","-131701.37875","-421643.1"
"","","","","","236.67689732143","-130525.4175","-421564.8575"
"","","","","","237.13825579574","-129980.11","-421734.07125"
"","","","","","237.59961427005","-130142.14625","-420684.3475"
"","","","","","238.06097274436","-131155.895","-420678.5"
"","","","","","238.52233121867","-137552.35","-427416.0725"
"","","","","","238.98368969299","-136849.52125","-426705.75875"
"","","","","","239.4450481673","-133081.1775","-422872.23875"
"","","","","","239.90640664161","-132170.485","-422514.4275"
"","","","","","240.36776511592","-130969.83875","-421597.48375"
"","","","","","240.82912359023","-130335.87875","-421094.91125"
"","","","","","241.29048206454","-130106.08","-420782.7475"
"","","","","","241.75184053885","-129344.78","-419279.095"
"","","","","","242.21319901316","-129451.49","-419856.5025"
"","","","","","242.67455748747","-129037.7425","-419773.6525"
"","","","","","243.13591596178","-129032.26875","-419393.54625"
"","","","","","243.59727443609","-129579.87125","-419791.065"
"","","","","","244.0586329104","-131205.32625","-421693.195"
"","","","","","244.51999138472","-136587.49","-427185.00125"
"","","","","","244.98134985903","-135572.23375","-426375.7725"
"","","","","","245.44270833334","-135881.66125","-426645.32625"
